drivers_licence_number,name,gender,birthday,street,addr_number,postal_code,city,country
344876017,Sascha Battrick,Female,1998-11-08,Weeping Birch,249,61033,ColΓ³n,Argentina
427107562,Letta Veldman,Female,1997-03-27,Debra,919,48947,Lonya Chico,Peru
320810695,Pam Leeder,Female,1995-02-11,Arizona,708,30713,Huotian,China
091150336,Camila Anetts,Male,1995-06-14,Warrior,372,86199,Kuniran,Indonesia
125148122,Louis MacCaughey,Female,1995-06-15,Londonderry,834,16037,Sirnasari,Indonesia
018571366,Kelila Shalloe,Female,1996-10-04,Dixon,001,88667,Peterborough,Canada
906350742,Delilah Mansbridge,Female,1998-10-02,Dexter,796,56291,Minggang,China
506774566,Nickolaus Escudier,Male,1995-05-22,Lotheville,616,64389,Telde,Spain
030222791,Malia Andreaccio,Female,1999-01-08,Muir,732,01751,Tanggung,Indonesia
105574795,Kellen Chippendale,Female,2001-03-04,Gulseth,093,85561,Bizhbulyak,Russia
163276932,Dael Rillett,Female,1998-03-26,Susan,186,09380,Waegwan,South Korea
382975472,Elise Befroy,Female,1999-06-03,Lukken,960,11726,Volodarka,Ukraine
021801550,Marybelle Kernoghan,Female,2000-07-18,Milwaukee,600,99466,Insrom,Indonesia
253587900,Trueman Gillott,Female,1996-02-23,Anzinger,920,82482,Tarlac City,Philippines
420968466,Carleton Dow,Male,2001-05-13,Montana,349,20955,Tireman Timur,Indonesia
688347113,Webb MacGibbon,Male,1998-07-29,Miller,698,21611,Vannes,France
954377501,Gerick Scopham,Female,2001-05-20,Fisk,792,23914,BrudzeΕ„ DuΕΌy,Poland
413855228,Renell Lawrance,Male,1999-09-21,Bayside,492,18838,Pasirhuni,Indonesia
091762584,Lucinda Shorie,Male,2000-02-14,Anderson,036,35590,Boden,Sweden
093155273,Herculie Loines,Male,2000-09-04,Shopko,730,82317,Hamilton,Bermuda
673398797,Dayle Karpe,Female,1995-06-21,Bluejay,048,81322,Nggelok,Indonesia
973434573,Zola Antcliff,Male,1998-02-26,Heath,297,34869,Junkou,China
568126609,Rosella Pauleit,Male,1996-06-01,Old Shore,152,72522,Raleigh,United States
650275988,Gennifer Battams,Male,1998-03-15,Petterle,689,71777,Doblas,Argentina
871126304,Herrick Decreuze,Male,2001-01-18,Independence,646,92437,Bor Ondor,China
767599821,Bernie Pawlicki,Female,1997-05-08,Burning Wood,465,98295,Purwosari,Indonesia
309609931,Ganny Victory,Male,1998-01-07,Prairie Rose,107,69370,La Gacilly,France
548990707,Gwynne Heatlie,Female,1999-01-11,Namekagon,843,64506,Losari,Indonesia
658004608,Fitzgerald Tremmil,Female,1996-06-07,Welch,283,29731,Karanggedang,Indonesia
663238280,Gary Lerway,Female,1995-02-20,Pepper Wood,160,30127,Rende,China
301478378,Bonnee Milthorpe,Male,2001-08-30,Clarendon,078,88022,Energeticheskiy,Kazakhstan
275139698,Millisent Munkley,Male,2000-11-25,Milwaukee,002,17797,Kα»³ Anh,Vietnam
283834716,Shaughn Faers,Female,1995-09-02,Rutledge,860,96853,BangangtΓ©,Cameroon
823326011,Cooper Lillo,Female,1996-06-05,Memorial,858,98558,SΖ΅n TΓΆy,Vietnam
852334341,Vick Hackney,Female,1997-05-03,Montana,244,41185,Anhua,China
518469050,Lesley Alves,Male,1998-11-10,Maryland,047,86861,Voiron,France
133851707,Freddi Rouge,Female,1996-12-22,Moulton,461,56227,KasamatsuchΕ,Japan
572528143,Sandye Skyram,Male,1996-11-23,Parkside,357,25105,BerbΓ©rati,Central African Republic
208650566,Genia Pilley,Male,1995-10-23,Macpherson,791,71075,Jiangwan,China
383978069,Manolo Hemmingway,Female,1999-07-17,Thompson,629,49310,Jiuhua,China
324444102,Conrade Stain,Female,2000-10-07,Stone Corner,256,19627,Keruguya,Kenya
413642082,Clayborne Haquard,Female,1996-10-18,Columbus,105,30107,Tangkanpulit,Indonesia
127424765,Alden Kubista,Female,1999-05-28,Pepper Wood,874,65793,Cuilco,Guatemala
468258407,Solomon Bagnold,Female,1995-01-26,Clove,827,77759,"Palmas De Gran Canaria, Las",Spain
297054821,Aguste Gallone,Male,2000-08-09,Londonderry,431,36047,RegnΓ³w,Poland
582117620,Galven Giraudou,Female,1996-02-24,Goodland,019,24179,Shamboyacu,Peru
431170750,Linet Shivell,Male,1996-03-22,Stone Corner,083,09134,Jinhai,China
036542278,Gray Addekin,Male,1995-07-18,Eggendart,736,22550,Toronto,Canada
101859032,Bard Saphin,Male,2000-09-11,Forest Dale,265,73505,Wulan,China
527552328,Reeva Olenichev,Female,2001-11-15,Pearson,382,81459,Namangan Shahri,Uzbekistan
962773834,Larry Foottit,Female,1999-06-23,Golf View,740,23906,JunΓ­n,Colombia
800041596,Dionysus Worsnup,Male,1997-07-02,Fallview,507,10434,DΕ«Δb,Afghanistan
847640979,Kylen Hercock,Female,1998-12-16,Fulton,425,82730,Sabon Gari-Nangere,Nigeria
290719309,Kirk Driffill,Male,2000-04-10,Helena,082,13450,Gavrilov-Yam,Russia
029340284,Carmelle Really,Female,1995-11-14,Prairieview,622,91326,Baruta,Venezuela
640839868,Alex Maskrey,Female,1997-09-04,Gina,433,09604,Panadura,Sri Lanka
481977818,Caresa Britten,Female,1996-10-01,Mifflin,614,47735,Jiangchuanlu,China
536298300,Clareta Stembridge,Female,1999-10-27,Ridgeway,897,82453,Mazongshan,China
477095177,Alfons Parlet,Male,2000-10-25,Maple Wood,909,82232,Changchuan,China
406603767,Herta Harcombe,Male,1996-11-17,Katie,273,11193,Santos Dumont,Brazil
611574958,Lurleen Menhci,Female,1996-05-14,Atwood,141,94137,Adigeni,Georgia
098386883,Annmaria Hallgath,Female,1997-09-19,Westerfield,440,03449,Falun,Sweden
248690486,Meta MacSporran,Male,1998-05-07,Longview,992,38466,Gent,Belgium
566984475,Rufus Collman,Female,2001-06-01,North,861,96195,αΈ¨ammΔm Damt,Yemen
193366498,Mikkel Worlock,Female,1995-03-10,Scofield,758,43429,San Isidro,Philippines
565350495,Nathalia August,Female,1997-07-26,Stang,906,93152,Chedao,China
625152211,Concordia Westell,Female,1997-04-08,Spaight,602,43168,Studzienice,Poland
205801892,Ruth Willman,Male,2001-05-24,Ruskin,829,99621,Budapest,Hungary
750404291,Daisy Tallet,Male,1995-12-30,Debra,453,00698,Roubaix,France
070359830,Coral Fountain,Male,1998-03-22,Fulton,507,52875,Mazatenango,Guatemala
780114988,Olivette Sandercroft,Male,1997-01-28,Harper,264,44012,Finzes,Portugal
302703417,Darsie Blazeby,Male,1995-09-08,Anhalt,925,27336,Polzela,Slovenia
001820717,Nerti Stebbins,Male,1998-11-26,Carberry,674,71471,Gayny,Russia
438136608,Corny Dullingham,Female,2000-08-07,Katie,318,05231,Carthage,Tunisia
024935550,Sherye Magson,Male,1996-05-19,Corscot,757,26020,Itacarambi,Brazil
336695217,Pamela McFeate,Male,2000-09-13,Maywood,499,95473,Kazan,Russia
512236565,Netta Hutcheon,Female,1998-07-20,Hoffman,091,11968,Fuxing,China
053786847,Talya Ridgers,Female,1999-10-19,Express,911,14410,Mendenrejo,Indonesia
267652274,Lynda Pallasch,Female,2001-10-27,Duke,643,35858,Charleston,United States
899637093,Vicky Haydon,Male,1995-08-19,Vidon,581,33287,Qohord-e BΔlΔ,Iran
310395007,Mead Oakshott,Female,2001-10-02,Becker,212,59279,Irasan,Philippines
921617517,Gwendolyn Bartell,Female,2001-03-07,6th,919,95831,Stockholm,Sweden
898005820,Fidelio Putnam,Male,2000-01-20,Bunker Hill,042,50049,Ipatinga,Brazil
257736836,Bary Burriss,Male,1998-01-22,6th,291,60038,Helsingborg,Sweden
366622334,Idell Trosdall,Female,1995-09-08,Chive,811,84541,Zhanghuban,China
434490964,Darby Unwin,Female,1998-05-05,Daystar,721,44817,Thawat Buri,Thailand
443417265,Gaylord Chinge de Hals,Female,1995-03-26,Melrose,805,96227,Hrob,Czech Republic
034143746,Eilis Brum,Female,1997-10-10,Mandrake,375,21588,Tokombere,Nigeria
033532838,Corinna Piscopo,Male,1995-08-24,Ryan,578,74965,Melβ€™nikovo,Russia
930347522,Enrico Abbott,Male,1995-01-01,Hallows,565,05628,Krasnyy Luch,Ukraine
906546456,Nataline Gamage,Female,1998-03-19,Burning Wood,285,73110,Meliau,Indonesia
543640790,Blanch Giacoppoli,Female,1995-01-12,Arrowood,269,97382,Zhoukou,China
666077425,Rivalee Hadland,Male,1997-01-29,Rusk,659,95939,Zhoukou,China
853484923,Lynne Janikowski,Female,1996-05-24,Prairieview,489,44908,Aachen,Germany
711452844,Maury Lenin,Female,2000-03-08,Hanson,615,63073,Kherson,Ukraine
447936427,Mariann Showte,Female,1999-03-18,Hovde,912,76926,FotolΓ­vos,Greece
798758743,Vere Prendeguest,Female,2000-10-08,Orin,554,27480,Sasar,Indonesia
457350477,Mercy Fearfull,Female,1997-12-31,Del Sol,921,87440,Uiasa,Indonesia
941437672,Roseanne Cheavin,Female,1996-08-15,Kim,919,58885,Banjar Susut Kaja,Indonesia
050850197,Zacherie Innwood,Female,1995-03-17,Aberg,615,56693,Sydney,Australia
928323953,Gabriella O'Bradden,Male,2000-05-11,Dayton,808,55257,Shazhouba,China
717483056,Oneida Raynton,Female,2001-03-07,Sheridan,165,56356,Honghualiangzi,China
982956367,Merilyn Pauley,Male,1999-01-17,Clemons,076,99491,Mengzhai,China
488565142,Celie Cherm,Male,1995-12-13,Upham,717,72995,Wenjiao,China
318118382,Kaylee Gillott,Female,1998-08-09,Arrowood,950,57683,Radomir,Bulgaria
597565355,Carolyne Collyear,Female,1999-06-13,Sutherland,752,53742,Sogcho,South Korea
285329072,Carolina Olivetta,Female,1997-03-19,Scofield,566,18813,ThΔkurgaon,Bangladesh
262851810,Sher Leyzell,Male,1996-05-24,Birchwood,747,26424,Segodim,Portugal
424178212,Rosanna Van Oort,Female,1995-08-30,Monterey,758,67839,AbadiΓΆnia,Brazil
841378498,Myrtice Gladdor,Male,2001-08-23,Reindahl,254,10401,Jukui,China
906192947,Gran Yantsurev,Male,1997-06-16,Lunder,012,93820,Haarlem,Netherlands
504405942,Agretha Arnaldy,Female,1999-11-07,Dryden,400,09889,Seia,Portugal
970387687,Charis Rochell,Female,1997-12-05,Algoma,097,13417,Al MawΕil al JadΔ«dah,Iraq
694509223,Nicole Dyball,Male,1996-02-23,Twin Pines,285,19232,Mueang Nonthaburi,Thailand
916959971,Oneida Soppitt,Male,1997-02-02,Cordelia,323,77174,Socorro,Colombia
336516692,Vanda Jarrette,Female,1998-05-11,Clemons,240,48418,San Fernando del Valle de Catamarca,Argentina
644772181,Lauren Trynor,Female,1997-01-28,Mariners Cove,611,14586,Vynohradiv,Ukraine
193449699,Clayborn Creaney,Female,1997-08-14,Loftsgordon,306,70274,Oeoh,Indonesia
724550586,Stevana Boomes,Female,1995-04-16,Village,967,72995,Buenlag,Philippines
431073177,Shae Biaggiotti,Male,1999-07-02,Reinke,084,56880,Saint-Denis,Reunion
370124663,Myrtia Vurley,Male,1997-05-03,Welch,348,42730,Peterborough,Canada
708667533,Hartley Sharma,Female,1997-05-31,Eggendart,095,43873,Al MayΔdΔ«n,Syria
465629870,Dorise Giamuzzo,Male,1995-10-04,Victoria,043,97437,Jurm,Afghanistan
455868558,Willi De la Yglesias,Male,2001-04-03,New Castle,106,91030,VΕ© Quang,Vietnam
167182211,Glad Gouley,Female,1996-05-27,Schurz,823,82221,Church End,United Kingdom
370480897,Willard Rosenfarb,Male,1996-11-24,Michigan,431,04587,Gedian,China
090034255,Timothea Endersby,Male,1996-05-18,Tennessee,639,27466,Chupa,Russia
961832478,Dona Pawling,Male,1996-10-13,Haas,934,06108,Dapdap,Philippines
791566141,Jarid Loren,Male,2000-09-25,Harbort,305,51849,Balazar,Portugal
525737393,Sutherland Urien,Female,2000-09-14,Mendota,530,02369,MakrochΓ³ri,Greece
075650068,Elisa Center,Male,2001-11-11,Garrison,724,68960,Borova,Ukraine
349705121,Merrill Brightey,Female,1999-10-15,Center,815,67478,Azteca,Mexico
684889697,Joyan Paulazzi,Male,2001-05-28,Bartelt,913,09456,Abrantes,Portugal
724709040,Analiese Walklot,Female,2000-03-10,Valley Edge,428,27940,Vale da Bajouca,Portugal
390943257,Hagan Choudhury,Male,1999-07-17,Northview,672,66288,Sindangsari,Indonesia
315120496,Sophronia Dickie,Male,1998-11-13,American Ash,582,90416,Sumeng,China
536188172,Ase Massinger,Male,1998-02-06,Hayes,788,66618,Stockholm,Sweden
217021090,Giorgia Fernehough,Female,2001-01-05,Tony,694,94102,Balzers,Liechtenstein
747610893,Benedick Steade,Female,1998-05-10,Moose,754,50883,Ostrogozhsk,Russia
845119819,Chrystal Godspede,Female,2001-08-14,Vernon,721,69992,Tsuen Wan,Hong Kong
038517655,Gretel Ramsby,Female,1998-01-23,Rutledge,713,04941,Phanom Phrai,Thailand
359173827,Isahella Northcliffe,Male,2001-07-22,Paget,968,98088,Songjianghe,China
481032906,Almire Rubenchik,Male,1997-10-10,Sheridan,174,38578,Goyty,Russia
503647910,David Casebourne,Female,1997-12-21,Coleman,465,91725,Rokytnice nad Jizerou,Czech Republic
728619227,Kerby Garrie,Male,2001-03-20,Summerview,483,85030,Balfour,South Africa
202130863,Cinda Zanitti,Male,2000-03-15,Dryden,409,70132,SedlΔany,Czech Republic
444019598,Cleon Ferenczy,Female,1996-05-27,Troy,968,54479,Zemlyansk,Russia
978562551,Cesare Randle,Male,1999-03-17,Riverside,719,47919,Panguna,Papua New Guinea
287106348,Nathanael Davidow,Male,1996-07-05,Upham,355,33146,Reiko,South Korea
317803478,Cyb Resun,Male,2000-07-30,Vernon,820,64609,La UniΓ³n,Guatemala
839936337,Erin Dowdeswell,Male,1999-01-26,Nevada,131,87586,Oral,Kazakhstan
041719826,Kristoffer Weaving,Female,1996-11-18,Raven,551,03142,Bafang,Cameroon
943858882,Hewet Tottle,Male,1997-03-27,Blue Bill Park,218,81958,Ryazanβ€™,Russia
094038882,Kai Thornbarrow,Female,1998-03-20,Barnett,315,92067,Lincheng,China
581793924,Magdaia Lesurf,Female,1999-12-10,Pankratz,874,61237,Bowen Island,Canada
548524069,Michaella Baber,Female,1996-09-02,Mcguire,311,65306,Lasusua,Indonesia
540667233,Benedict Demogeot,Female,1996-03-04,Warrior,870,00519,Quinta da Torre,Portugal
325719163,Angelita De Clairmont,Male,1996-01-14,Wayridge,224,82213,North Side,Cayman Islands
389647704,Pavel Lawfull,Female,2000-10-28,Talmadge,884,86272,Panitan,Philippines
304654095,Renaldo Paprotny,Male,1998-02-16,Scofield,964,25160,Soroti,Uganda
375731392,Pearce Shackesby,Female,1997-03-06,Sutteridge,955,19685,Arys,Kazakhstan
207618720,Keen McCullum,Female,1997-12-23,Gina,887,81936,Akβ€™ordat,Eritrea
239877499,Alika Mallatratt,Female,1997-08-29,Blue Bill Park,792,89399,Port-au-Prince,Haiti
014486520,Shalna Ranby,Female,1998-07-09,Sauthoff,542,00213,Jincheng,China
539256049,Caitrin Sumpton,Male,1999-11-20,Badeau,206,51001,Honggang,China
629438538,Perla Andrejs,Male,2001-12-28,Butterfield,600,43974,Centenary,Zimbabwe
568580229,Roslyn Giddings,Female,1999-03-31,Reindahl,765,66161,Changtan,China
042752667,Vivyanne Horwell,Female,2000-06-17,Kenwood,404,43887,Baz,Albania
465252700,Bram Fereday,Male,2000-05-18,Summer Ridge,174,10433,Whittier,United States
545463798,Jesus Comins,Female,2001-03-28,Crest Line,623,50874,Nanzhen,China
594200975,Ervin Jameson,Female,1996-10-13,Ronald Regan,868,62294,ManfalΕ«Ε£,Egypt
797744248,Winny Evanson,Female,1996-10-20,Atwood,610,32207,Esposende,Portugal
022105825,Theodore Lomb,Female,1998-02-28,Spenser,049,11678,Leuwibuleud,Indonesia
038950861,Carla Copestake,Male,1997-10-18,Anzinger,093,27395,FernandΓ³polis,Brazil
389322643,Olvan Meech,Male,1995-11-07,Kim,031,37568,Banjar Mambalkajanan,Indonesia
923006020,Jocelyn Mossom,Female,2001-06-25,Kropf,420,21119,Palmira,Colombia
230566878,Jacintha Lyle,Female,1998-01-09,Burrows,834,53236,Nizhnyaya Salda,Russia
363188485,Mickey Arnold,Female,1999-03-02,Debs,944,43354,Jingcheng,China
299470395,Lem Prazor,Male,2000-10-27,Superior,773,26302,Domalanoan,Philippines
471630605,Liam Ree,Male,1995-01-10,Carberry,888,29236,Nagbacalan,Philippines
507505962,Adriane Coleborn,Female,1997-10-24,Graedel,993,37021,Logovskoye,Russia
549206320,Marga Howling,Female,2000-04-04,Artisan,957,84570,Hamburg,Germany
021373743,Sherwood Cordingly,Female,1999-03-29,Scoville,898,34345,Maggotty,Jamaica
384072631,Mannie MacFarlan,Male,1997-11-13,Melby,523,64196,Qianzhou,China
997189924,Harmon Elbourn,Male,1996-01-14,Ilene,688,01166,Gajrug,Indonesia
113084477,Hayley Toderi,Female,1998-04-02,New Castle,244,68608,Leskovec pri KrΕ΅kem,Slovenia
948946016,Donn Scholtis,Male,2000-03-15,Hanson,803,65808,Portela,Portugal
202837087,Drud Feeny,Female,1998-04-20,Sherman,417,13343,ShingΕ«,Japan
990894542,Rora Blundan,Male,2001-12-03,Huxley,107,22765,TΓ¤by,Sweden
665343649,Maitilde Duckering,Male,1996-05-14,Golf View,134,27911,Fradelos,Portugal
942278833,Abbie Godar,Male,2001-08-17,Eliot,711,17549,Huazhu,China
580210998,Marcie Stennet,Female,1998-03-10,Oxford,532,77057,Jiaocheng,China
408818163,Harley Bosma,Male,1996-01-10,Pond,015,33027,Adelaide Mail Centre,Australia
821996238,Orran Duxbarry,Male,1999-06-28,Jay,412,87560,Bijelo Polje,Montenegro
765924185,Raddy McMichael,Male,2000-08-21,4th,025,30660,Bang Krathum,Thailand
544060363,Ola Nelissen,Female,1996-10-11,Heffernan,247,88499,Salsipuedes,Dominican Republic
053040519,Alanah Paviour,Male,1997-09-26,Shelley,321,85845,Cermee,Indonesia
274920266,Lorette Rilston,Female,1995-05-25,Warbler,687,87474,Polyarnyye Zori,Russia
530086996,Kerrie Cuss,Female,2001-10-24,International,946,51374,Banjar Timbrah,Indonesia
130042800,Ronnie Bazley,Male,1999-07-08,Sloan,604,20460,RΓ­o Alejandro,Panama
595346072,Ezri Pinckstone,Female,1998-11-09,Morrow,496,80924,Aozai,China
345309831,Carin Dobrovsky,Female,2000-10-12,Starling,485,86801,Seoul,South Korea
288673150,Tull Glidder,Female,2000-11-13,Glacier Hill,831,52275,La Aurora,Mexico
290497605,Cad Kenningham,Female,1999-03-11,Kennedy,220,68803,Azun Atme,Palestinian Territory
437157740,Fae Ivanov,Male,2000-05-05,Manufacturers,746,32096,Yengiawat,China
701550653,Jacklin de Grey,Male,1997-01-20,Debra,639,38979,Bayanbulag,Mongolia
627736332,Arliene Farncombe,Male,1999-03-22,Mcguire,492,43407,Sosnovka,Russia
387783416,Germayne Zamudio,Male,1996-06-19,Thierer,352,20307,Shizikeng,China
500782079,Hill Harewood,Male,2001-11-26,Trailsway,220,23239,Gulyantsi,Bulgaria
927230027,Darsie Gibb,Male,2000-03-13,Merrick,433,90089,Bunda,Tanzania
103953433,Melamie Bendin,Male,1996-09-10,Sherman,167,97423,Δortanovci,Serbia
152865184,Alfreda Domerq,Male,2000-11-28,Fuller,058,67731,Sinarjaya,Indonesia
535029638,Linn Egdale,Male,1997-04-15,Center,914,24801,Alexandria,United States
224639018,Eula De Courtney,Female,1998-02-03,Truax,813,83293,PegΓµes,Portugal
416227942,Louisa Mathely,Male,1997-02-21,Muir,560,68407,Zhuting,China
702458600,Danell Bauman,Male,1999-09-08,Clarendon,124,08556,Verbivka,Ukraine
578764580,Sibella Currum,Male,2000-04-24,Huxley,224,25002,Pueblo Nuevo,Panama
145599183,Laryssa Scane,Male,1995-06-10,Canary,697,07972,Erong,China
487590444,Diane Varndell,Male,1998-05-02,Waubesa,241,78804,Xikou,China
857818981,Rivalee Duffitt,Male,2000-08-08,Schiller,863,85914,Igrim,Russia
065415673,Pepe Limpricht,Male,1998-02-28,Pankratz,626,80374,Lac-MΓ©gantic,Canada
989217443,Eustacia Summergill,Male,1995-05-14,Independence,470,27949,Leles,Indonesia
075868170,Carleton Tschirasche,Male,1998-05-13,Luster,861,60332,Kapchorwa,Uganda
475740562,Silvio Sandison,Female,1995-03-28,Tennyson,928,48425,Pinheiro,Brazil
201154501,Wilma McGuigan,Female,2001-11-05,Pierstorff,556,37877,Lillers,France
417486641,Lenna Beetlestone,Male,1996-07-10,Armistice,878,09447,Shuishiying,China
671766711,Frieda Jansik,Female,2001-07-09,Daystar,302,60107,Waipawa,New Zealand
869841138,Tiphanie Bleasdille,Female,1996-07-30,Clove,220,01155,BillΓ¨re,France
954052204,Barr Witsey,Male,1996-09-03,Lake View,733,45489,Sumberbatas,Indonesia
913947668,Dulcia Sisley,Female,1997-08-24,Amoth,918,55985,Isniq,Kosovo
760906775,Del Colls,Female,1996-11-16,Lerdahl,326,81951,Sete Lagoas,Brazil
318789404,Simon Kondratowicz,Female,2000-09-18,Blue Bill Park,385,54018,Miura,Japan
558575485,Ellswerth Elam,Female,1999-04-29,Crownhardt,567,14486,La Rochelle,France
457486392,Nicoli Blesdill,Male,2000-01-27,Erie,372,75052,Kambia,Sierra Leone
197660186,Daffi Chantler,Male,2001-06-22,Scoville,052,47285,Siderejo,Indonesia
131884271,Mile Yearns,Male,1996-12-23,Hansons,345,42174,Yandian,China
403194433,Dani Vischi,Male,1997-06-24,Texas,267,41374,Tongxing,China
730756583,Barney Mathiot,Male,1996-01-27,Fairview,701,35155,Napuro,Philippines
374822567,Micki Berends,Female,1997-05-12,Alpine,261,68412,Krajan Battal,Indonesia
811993264,Rozina Abrahamian,Female,2000-07-08,Lake View,525,05331,Kisarazu,Japan
468900420,Shaine Repper,Male,2001-10-14,New Castle,710,80273,Zhongzi,China
346637666,Cleo Witherop,Male,1996-11-25,Pepper Wood,247,36048,Miribel,France
501542021,Roseanna Fritchly,Female,2001-12-16,Carpenter,159,17944,Tancheng,China
425010746,Margo Kain,Female,1996-08-21,Sage,691,86333,Tonoas Municipal Building,Micronesia
642239159,Simona O'Lennachain,Female,1995-05-21,Milwaukee,360,48197,Oeriβ€™u,Indonesia
486688151,Lorraine Plain,Male,2000-10-14,Oriole,920,58574,KhΔngΔh DogrΔn,Pakistan
979732599,Raddie MacMearty,Male,1996-12-16,Carpenter,686,29380,Ballymahon,Ireland
368736955,Bryan Mullis,Male,1996-10-01,Pearson,386,84610,Cabinda,Angola
352638925,Ninnetta Whetland,Male,1996-09-26,Bowman,138,78535,Sizao,China
887652998,Rock Kleimt,Male,1997-08-16,Del Mar,910,60562,Aldergrove,Canada
073054047,Francisca Sleicht,Male,2000-07-30,Dorton,533,95390,Pamatang,Indonesia
029888644,Vivyan De la Yglesia,Male,1999-11-26,Fair Oaks,248,35599,Runsonglaozhai,China
608974804,Zerk Gianuzzi,Female,1996-12-06,Reindahl,605,07982,Lazaro Cardenas,Mexico
577917749,Farlie Kristufek,Female,1996-10-20,Sutherland,294,34496,Tengah,Indonesia
070441417,Livvie Burrow,Female,1997-05-15,Golf Course,905,83825,Roanoke,United States
412007937,Darcie Woodson,Male,2000-06-04,Mockingbird,306,32817,Hedong,China
052295409,Benjie Gascoine,Female,2000-05-11,Loeprich,492,67558,Sandakan,Malaysia
883241081,Robers Bennike,Female,1998-07-30,Bowman,359,43723,Langjun,China
241080237,Gun Foucher,Male,2000-02-09,Westridge,816,67248,Penisihan,Indonesia
263085489,Shane Preist,Male,1998-09-16,Prairieview,992,16613,KarpokhΓ³rion,Greece
039891408,Merle Edmons,Male,1995-07-11,Golf,832,66168,Chuandao,China
284379575,Thelma Maddern,Male,1998-01-13,Garrison,956,12086,Yuanyang Zhen,China
984213678,Gunilla Pink,Male,1999-06-22,Village,087,04381,Dawan,China
540220488,Avivah Saddington,Female,1998-08-29,5th,171,27254,Arras,France
699818800,Archibald Crownshaw,Male,2000-06-06,Oxford,948,06014,Talangnan,Philippines
401270906,Robina Kehoe,Female,1997-10-18,4th,884,26900,PiraΓ­,Brazil
482830386,Cortie Aslott,Male,1999-03-24,Merry,105,75706,SΕ‚awatycze,Poland
215254014,Cris Trapp,Male,2000-09-12,Cody,396,80728,Kashiwa,Japan
942279734,Marilyn McGinny,Female,2000-12-17,Westerfield,218,44295,Buguruslan,Russia
975804379,Brynn Schouthede,Male,2000-06-25,Fairfield,200,32439,Uubulan,Mongolia
733648660,Rice Bick,Male,1998-05-12,Westerfield,232,72370,Mandapajaya,Indonesia
092468778,Allie Pitsall,Male,1995-04-29,Westport,189,64770,QarchΔ« Gak,Afghanistan
262497957,Jasper Gyver,Female,1996-02-21,Clove,792,82296,Ala-Buka,Kyrgyzstan
789904591,Lilllie Wrixon,Female,1997-12-12,Northview,513,47323,Chaumont,France
045267710,Dru Dykins,Female,1997-04-30,Charing Cross,492,05264,Novyy Urengoy,Russia
027307786,Gaspard Caistor,Female,2000-03-04,8th,489,31583,AcharnΓ©s,Greece
438576901,Wolfy Derill,Female,1999-09-21,Melby,061,37595,SΓ£o Marcos,Brazil
674197533,Gale Sailer,Female,1997-11-25,Mendota,976,61711,Shimen,China
183125474,Merrick O'Cullen,Male,1998-08-20,Longview,153,01187,Trondheim,Norway
218801469,Izzy Lewnden,Male,1999-07-20,Chive,647,50464,Monte da ChaminΓ©,Portugal
947550695,Kellie Alsina,Female,1998-02-02,Burning Wood,572,79534,Tanjungkerta,Indonesia
015384105,Inessa Damant,Male,2001-01-06,Twin Pines,538,86831,Binalbagan,Philippines
051637151,Hunfredo Brantl,Male,1999-08-09,Nevada,810,78357,Aboisso,Ivory Coast
594144345,Blair Pala,Female,1996-04-07,Becker,760,97336,Fengxian,China
349823733,Jillane Gisby,Male,1995-11-13,Scoville,423,87718,Puerto Ayacucho,Venezuela
594529445,Jud March,Male,1997-09-02,Merrick,691,93300,Tenβ€™gushevo,Russia
851241567,Nina Borgars,Female,1996-11-19,Lakeland,595,00612,Pacet,Indonesia
262594650,Nefen Jeves,Female,1996-06-14,Jenna,211,02426,Deqing,China
029612028,Eva Franzolini,Male,1997-07-25,Shelley,271,89396,San Miguel,Philippines
416113547,Celeste MacManus,Female,1997-03-26,American,750,74254,Hodkovice nad Mohelkou,Czech Republic
048249074,Julina Fouldes,Female,1999-01-28,Ohio,133,58226,Quinta do Sobrado,Portugal
904660810,Ediva Gabbott,Female,1996-10-29,Lyons,417,06164,Poroshkovo,Ukraine
238281762,Kayla Le Grice,Female,1997-04-04,Gerald,759,46979,Caihua,China
636064524,Arron Lease,Female,2000-05-03,Haas,159,98400,Yongxing Chengguanzhen,China
351622371,Corilla Hayth,Male,1998-03-04,Granby,916,10356,Banjar Mambalkajanan,Indonesia
361335348,Malanie Armitt,Female,1998-12-20,Corben,739,71236,Dagupan,Philippines
825059106,Lavina Killigrew,Male,1997-02-01,Debra,698,06923,Lipno,Poland
326663657,Armando Lanphier,Male,2000-09-17,Eastwood,530,28425,Meicheng,China
928909963,Jo Wiggins,Female,2000-08-30,Warner,569,95547,Huitong,China
926897830,Marion Haimes,Male,1997-12-25,Rusk,733,17845,Grebenskaya,Russia
261238579,Dorise Blumson,Male,1998-05-22,Warrior,726,97762,Valbo,Sweden
