customer_licence_number,name,gender,birthday,street,addr_number,postal_code,city,country,phonenumber,homenumber,email
253058290,Elvyn Redolfi,Male,1998-11-26,Waubesa,495,52579,Sanzhou,China,6725786693,,eredolfi0@hhs.gov
482830386,Cortie Aslott,Male,1999-03-24,Merry,105,75706,SΕ‚awatycze,Poland,2968019694,8561664169,caslott1@smh.com.au
347062179,Brooks Heineken,Female,1998-01-16,Northfield,212,98455,Tianyi,China,2679079922,,bheineken2@ca.gov
691091834,Agnese Remon,Female,1998-09-14,Rutledge,967,06561,Badou,Togo,6054080628,,aremon3@livejournal.com
215254014,Cris Trapp,Male,2000-09-12,Cody,396,80728,Kashiwa,Japan,9394917993,,ctrapp4@nasa.gov
699818800,Archibald Crownshaw,Male,2000-06-06,Oxford,948,06014,Talangnan,Philippines,6900746454,,acrownshaw5@weather.com
073054047,Francisca Sleicht,Male,2000-07-30,Dorton,533,95390,Pamatang,Indonesia,6114278712,7387228973,fsleicht6@gnu.org
674197533,Gale Sailer,Female,1997-11-25,Mendota,976,61711,Shimen,China,5625690359,6838165767,gsailer7@jiathis.com
844477349,Samuele Veivers,Female,1996-03-18,Comanche,090,94300,Cola,China,1555755038,9175414104,sveivers8@nasa.gov
262594650,Nefen Jeves,Female,1996-06-14,Jenna,211,02426,Deqing,China,1369610831,8356351294,njeves9@npr.org
740684491,Zebedee Watt,Female,1999-10-21,Larry,861,28661,Ystad,Sweden,9749422864,,zwatta@nyu.edu
652884232,Dwain Farman,Male,2000-09-24,Schlimgen,486,91820,Newark,United States,7285535265,,dfarmanb@is.gd
594529445,Jud March,Male,1997-09-02,Merrick,691,93300,Tenβ€™gushevo,Russia,8808899071,6202375329,jmarchc@alexa.com
705534713,Tomi McCrainor,Male,1996-09-07,Sugar,970,52347,Tegalbuleud,Indonesia,1751906116,1463479336,tmccrainord@tinypic.com
753909504,Jarred Gurling,Male,1997-09-04,Heffernan,082,36339,Safed,Israel,4377574833,,jgurlinge@loc.gov
080737317,Al Rounding,Male,2000-04-12,Cody,825,75532,Vila de Sal Rei,Cape Verde,9525229521,0987017225,aroundingf@wired.com
238281762,Kayla Le Grice,Female,1997-04-04,Gerald,759,46979,Caihua,China,3999178833,,kleg@symantec.com
284379575,Thelma Maddern,Male,1998-01-13,Garrison,956,12086,Yuanyang Zhen,China,3421163987,,tmaddernh@typepad.com
015384105,Inessa Damant,Male,2001-01-06,Twin Pines,538,86831,Binalbagan,Philippines,7668133844,,idamanti@netscape.com
775313463,Donella Shelton,Female,1997-02-21,Saint Paul,305,30778,Osh,Kyrgyzstan,6799355602,,dsheltonj@wp.com
416113547,Celeste MacManus,Female,1997-03-26,American,750,74254,Hodkovice nad Mohelkou,Czech Republic,2996542916,8819518651,cmacmanusk@4shared.com
914548857,Shaughn Gheorghescu,Female,1995-10-23,Nova,826,71446,Ntoroko,Uganda,2452393916,8377016516,sgheorghescul@icio.us
401270906,Robina Kehoe,Female,1997-10-18,4th,884,26900,PiraΓ­,Brazil,4974660322,,rkehoem@cmu.edu
821275646,Arther Brunel,Male,1998-03-27,Sloan,149,10324,Bobigny,France,4778209362,,abruneln@yahoo.com
979404430,Thurston Fullick,Male,1996-04-11,Reindahl,926,08185,Asaita,Ethiopia,8165363034,,tfullicko@clickbank.net
263085489,Shane Preist,Male,1998-09-16,Prairieview,992,16613,KarpokhΓ³rion,Greece,8512470178,,spreistp@china.com.cn
027307786,Gaspard Caistor,Female,2000-03-04,8th,489,31583,AcharnΓ©s,Greece,9405893459,0862398991,gcaistorq@forbes.com
149817063,Violet Guard,Female,1997-02-07,Anthes,595,49171,Mirandela,Portugal,0735737258,,vguardr@mozilla.org
656227437,Kellen Blasdale,Male,2000-09-15,Sachtjen,819,30803,Jardoeira,Portugal,8245892734,,kblasdales@github.io
608974804,Zerk Gianuzzi,Female,1996-12-06,Reindahl,605,07982,Lazaro Cardenas,Mexico,1324182059,,zgianuzzit@java.com
351622371,Corilla Hayth,Male,1998-03-04,Granby,916,10356,Banjar Mambalkajanan,Indonesia,8742216621,,chaythu@ft.com
935089796,Felipe Sein,Female,1998-05-06,Gulseth,195,98678,Amorim,Portugal,5318247903,,fseinv@nasa.gov
733648660,Rice Bick,Male,1998-05-12,Westerfield,232,72370,Mandapajaya,Indonesia,0719227569,,rbickw@phpbb.com
322761122,Rocky Dwane,Female,1998-05-16,Tomscot,596,87379,Tiwi,Philippines,3334995860,,rdwanex@merriam-webster.com
690447843,Zandra D'Alessandro,Male,1996-08-17,Farwell,853,75013,RoΕΎΔalovice,Czech Republic,4685293851,0169217450,zdalessandroy@a8.net
577917749,Farlie Kristufek,Female,1996-10-20,Sutherland,294,34496,Tengah,Indonesia,3734544408,,fkristufekz@buzzfeed.com
540220488,Avivah Saddington,Female,1998-08-29,5th,171,27254,Arras,France,8976372220,9759268892,asaddington10@geocities.jp
070441417,Livvie Burrow,Female,1997-05-15,Golf Course,905,83825,Roanoke,United States,7226875519,6141393411,lburrow11@baidu.com
039891408,Merle Edmons,Male,1995-07-11,Golf,832,66168,Chuandao,China,2560089947,,medmons12@sakura.ne.jp
594144345,Blair Pala,Female,1996-04-07,Becker,760,97336,Fengxian,China,1145147542,9600393540,bpala13@virginia.edu
300491581,Florry Gretham,Female,1997-05-09,Grover,186,98949,Huangqiao,China,1497955920,,fgretham14@cdc.gov
326663657,Armando Lanphier,Male,2000-09-17,Eastwood,530,28425,Meicheng,China,3888894239,,alanphier15@tiny.cc
636064524,Arron Lease,Female,2000-05-03,Haas,159,98400,Yongxing Chengguanzhen,China,5110540691,,alease16@sciencedirect.com
962332552,Yul Kilkenny,Male,1997-12-27,Oriole,636,21806,Huochang,China,9520919082,,ykilkenny17@51.la
183125474,Merrick O'Cullen,Male,1998-08-20,Longview,153,01187,Trondheim,Norway,5740419743,,mocullen18@chron.com
853865968,Kincaid Schustl,Female,1999-03-20,Hintze,747,12170,Changtan,China,9895439237,,kschustl19@google.ca
241080237,Gun Foucher,Male,2000-02-09,Westridge,816,67248,Penisihan,Indonesia,7533866711,,gfoucher1a@marriott.com
412555172,Dilly Mewton,Female,1996-07-19,Bultman,640,41480,Cilongkrang,Indonesia,0634410962,,dmewton1b@stanford.edu
999311014,Jozef Alford,Male,2000-08-03,Redwing,669,58617,Shuangta,China,1549803700,,jalford1c@mlb.com
045267710,Dru Dykins,Female,1997-04-30,Charing Cross,492,05264,Novyy Urengoy,Russia,5479333658,,ddykins1d@apache.org
349823733,Jillane Gisby,Male,1995-11-13,Scoville,423,87718,Puerto Ayacucho,Venezuela,9928024774,6557039016,jgisby1e@unicef.org
604861714,Biddie Garnett,Male,2000-05-17,John Wall,629,80919,Grand Junction,United States,5707283382,7028513254,bgarnett1f@cornell.edu
029888644,Vivyan De la Yglesia,Male,1999-11-26,Fair Oaks,248,35599,Runsonglaozhai,China,6863216876,3968971019,vde1g@scribd.com
051637151,Hunfredo Brantl,Male,1999-08-09,Nevada,810,78357,Aboisso,Ivory Coast,7239530949,,hbrantl1h@businessweek.com
420311983,Pollyanna Akister,Female,2000-09-13,Autumn Leaf,902,09453,BuΓ΄n Ma Thuα»™t,Vietnam,4000095463,5485150268,pakister1i@skype.com
303648164,Lois Le Batteur,Male,1997-09-14,Eliot,812,88163,Laleng,Indonesia,7305982911,,lle1j@cpanel.net
904660810,Ediva Gabbott,Female,1996-10-29,Lyons,417,06164,Poroshkovo,Ukraine,9185432350,7454864171,egabbott1k@google.com
883241081,Robers Bennike,Female,1998-07-30,Bowman,359,43723,Langjun,China,4962279904,,rbennike1l@nba.com
534949575,Oswald todor,Female,1996-02-08,Mesta,199,92807,Dejilin,China,0101221703,6812958840,otodor1m@issuu.com
708801667,Norman Walkinshaw,Male,2000-04-28,Little Fleur,647,93749,Baiyang,China,3546456599,2010026721,nwalkinshaw1n@reddit.com
048249074,Julina Fouldes,Female,1999-01-28,Ohio,133,58226,Quinta do Sobrado,Portugal,5925952464,,jfouldes1o@miibeian.gov.cn
665101350,Sigvard Errington,Female,2000-02-21,Jenifer,531,71709,Shushary,Russia,2268059804,8607477773,serrington1p@bbb.org
928909963,Jo Wiggins,Female,2000-08-30,Warner,569,95547,Huitong,China,5420083787,1389703835,jwiggins1q@sogou.com
438576901,Wolfy Derill,Female,1999-09-21,Melby,061,37595,SΓ£o Marcos,Brazil,5105130545,7352961607,wderill1r@bloglines.com
146533964,Collen Learmont,Female,1997-03-28,Sutherland,949,52103,Kawanishi,Japan,5696347975,,clearmont1s@dyndns.org
621538778,Saba Russon,Female,1996-06-27,Merry,870,30424,Rengo,Chile,1425765475,,srusson1t@weather.com
029612028,Eva Franzolini,Male,1997-07-25,Shelley,271,89396,San Miguel,Philippines,2355906246,,efranzolini1u@rakuten.co.jp
221131031,Genevieve Wormald,Male,1995-10-16,Ridgeview,035,07261,Vila Nova de Santo AndrΓ©,Portugal,5782027568,,gwormald1v@addtoany.com
825059106,Lavina Killigrew,Male,1997-02-01,Debra,698,06923,Lipno,Poland,5775136632,,lkilligrew1w@trellian.com
981059812,Elonore Frankham,Female,1996-10-25,Loeprich,600,24919,Yanglinqiao,China,0952868091,4289808352,efrankham1x@chronoengine.com
674744800,Flossie Raphael,Male,1997-12-07,Wayridge,947,96914,GjirokastΓ«r,Albania,7151690916,,fraphael1y@ustream.tv
851241567,Nina Borgars,Female,1996-11-19,Lakeland,595,00612,Pacet,Indonesia,9584470620,,nborgars1z@wufoo.com
471954163,Caryn Dickson,Male,1995-11-25,Artisan,120,28984,Nanping,China,8725712020,,cdickson20@symantec.com
926897830,Marion Haimes,Male,1997-12-25,Rusk,733,17845,Grebenskaya,Russia,5399406438,2734045540,mhaimes21@tuttocitta.it
777280764,Kerby Corrington,Female,1995-11-20,Clyde Gallagher,271,75456,SΓ£o Paio de GramaΓ§os,Portugal,6765977341,,kcorrington22@sitemeter.com
287587391,Andrew Tenniswood,Female,1995-12-05,Maryland,981,64682,Round Rock,United States,4067122888,,atenniswood23@yahoo.co.jp
467699625,Julianna Blackford,Female,1997-04-28,Browning,588,41044,Kundung,Indonesia,2761693620,7788527297,jblackford24@wp.com
412007937,Darcie Woodson,Male,2000-06-04,Mockingbird,306,32817,Hedong,China,0103702431,5879583511,dwoodson25@simplemachines.org
052295409,Benjie Gascoine,Female,2000-05-11,Loeprich,492,67558,Sandakan,Malaysia,1825360634,,bgascoine26@artisteer.com
427287524,Morton de Voiels,Male,1997-04-28,Hanover,960,44603,Lamawan,China,2975289049,,mde27@jiathis.com
984213678,Gunilla Pink,Male,1999-06-22,Village,087,04381,Dawan,China,1669404153,8552605104,gpink28@earthlink.net
027046421,Nomi Gerok,Female,1996-04-11,Mendota,357,19107,Yanjiatai,China,3970469791,,ngerok29@surveymonkey.com
276089567,Jaclin Sibary,Female,2000-01-18,Grasskamp,368,47674,Tupiza,Bolivia,8185317135,0262467976,jsibary2a@noaa.gov
289178119,Sammy Lapre,Female,1997-07-29,Valley Edge,753,73395,Magdalena,Peru,4868405888,,slapre2b@yellowbook.com
381644676,Wileen Vittore,Female,1999-10-05,Hayes,218,50703,Alto Barinas,Venezuela,9840438611,,wvittore2c@blog.com
975804379,Brynn Schouthede,Male,2000-06-25,Fairfield,200,32439,Uubulan,Mongolia,8130310287,,bschouthede2d@cmu.edu
947550695,Kellie Alsina,Female,1998-02-02,Burning Wood,572,79534,Tanjungkerta,Indonesia,0228291615,,kalsina2e@washington.edu
361335348,Malanie Armitt,Female,1998-12-20,Corben,739,71236,Dagupan,Philippines,7693157352,,marmitt2f@technorati.com
942279734,Marilyn McGinny,Female,2000-12-17,Westerfield,218,44295,Buguruslan,Russia,9641684302,5325270702,mmcginny2g@prlog.org
781462491,Skylar Dixey,Female,1995-06-28,Sundown,099,92971,Nisβ€™oni,Indonesia,9864708570,6317007365,sdixey2h@wikipedia.org
784599996,Forester Ramsier,Male,1999-11-02,Hauk,181,68627,Dengok,Indonesia,3066831744,9401817782,framsier2i@ovh.net
717336945,Julietta Pallasch,Male,1997-04-08,Miller,190,24889,Lansing,United States,1989883613,7919744091,jpallasch2j@buzzfeed.com
789904591,Lilllie Wrixon,Female,1997-12-12,Northview,513,47323,Chaumont,France,2101237245,,lwrixon2k@prweb.com
092468778,Allie Pitsall,Male,1995-04-29,Westport,189,64770,QarchΔ« Gak,Afghanistan,2482703727,0038153165,apitsall2l@parallels.com
262497957,Jasper Gyver,Female,1996-02-21,Clove,792,82296,Ala-Buka,Kyrgyzstan,3722150647,7637496678,jgyver2m@liveinternet.ru
678581608,Katine Whitlow,Male,2000-05-16,Sutteridge,250,67955,Nancheng,China,6424549641,6790659404,kwhitlow2n@rakuten.co.jp
218801469,Izzy Lewnden,Male,1999-07-20,Chive,647,50464,Monte da ChaminΓ©,Portugal,1736219529,1564571300,ilewnden2o@amazon.de
352253809,Maisey Lowles,Male,1997-06-20,Eastlawn,564,05598,NΓ£o Me Toque,Brazil,3186040787,,mlowles2p@weebly.com
129491068,Rickie Ellse,Female,1999-02-25,Logan,531,09871,Pregradnoye,Russia,9926007317,8170945631,rellse2q@utexas.edu
261238579,Dorise Blumson,Male,1998-05-22,Warrior,726,97762,Valbo,Sweden,8833891909,,dblumson2r@zdnet.com
